name,contact
Abigail,0542156907
Bowen,0572965014
Branden,0525308694
Brittany,0546083952
Carter,0579103642
Chase,0536204517
Cheryl,0517436082
Dakota,0545860271
David,0539271806
Dylan,0528607159
Garrett,0557984602
Grant,0527693045
Hanna,0506213847
Jacob,0593106472
Jayln,0535071289
Jayne,0517954628
Jerrin,0548903275
Jordan,0570258469
Kalen,0554879160
Kellie,0547250369
Kenneth,0552174369
Kevin,0535708461
Kimber,0518650974
Kym,0541678253
Mary,0548536270
Matthew,0594275108
Megan,0570935482
Melissa,0525907138
Michael,0524305719
Mollie,0574036915
Nicholas,0513970826
Samuel,0521083754
Taylor,0594078621
Ursula,0531964805
